Datetime,Water Level (m)
2025-05-16 18:00:00,-0.0018743519
2025-05-16 19:00:00,-0.0013492977
2025-05-16 20:00:00,-0.0008892138
2025-05-16 21:00:00,-0.0008837213
2025-05-16 22:00:00,-0.00083152053
2025-05-16 23:00:00,-0.0009833825
2025-05-17 00:00:00,-0.00129891
2025-05-17 01:00:00,-0.0011802962
2025-05-17 02:00:00,-0.0014123431
2025-05-17 03:00:00,-0.0014130721
2025-05-17 04:00:00,-0.0016709423
2025-05-17 05:00:00,-0.0016564289
2025-05-17 06:00:00,-0.0014952787
2025-05-17 07:00:00,-0.0012178146
2025-05-17 08:00:00,-0.0008092775
2025-05-17 09:00:00,-0.0019661218
2025-05-17 10:00:00,-0.005463392
2025-05-17 11:00:00,-0.0017339925
2025-05-17 12:00:00,-0.0020005945
2025-05-17 13:00:00,-0.0023031603
2025-05-17 14:00:00,-0.0017150842
2025-05-17 15:00:00,-0.0025962146
2025-05-17 16:00:00,-0.002567434
2025-05-17 17:00:00,-0.002741849
2025-05-17 18:00:00,-0.0023097584
2025-05-17 19:00:00,-0.0021887927
2025-05-17 20:00:00,-0.0017930166
2025-05-17 21:00:00,-0.0016220019
2025-05-17 22:00:00,-0.0013196392
2025-05-17 23:00:00,-0.0014281365
2025-05-18 00:00:00,-0.0016451793
2025-05-18 01:00:00,-0.0017469996
2025-05-18 02:00:00,-0.0018575564
2025-05-18 03:00:00,-0.0020903987
2025-05-18 04:00:00,-0.0021701427
2025-05-18 05:00:00,-0.0019704194
2025-05-18 06:00:00,-0.0016946971
2025-05-18 07:00:00,-0.0014602658
2025-05-18 08:00:00,0.009994398
2025-05-18 09:00:00,0.020777581
2025-05-18 10:00:00,0.03427873
2025-05-18 11:00:00,0.044550326
2025-05-18 12:00:00,0.054157156
2025-05-18 13:00:00,0.063398175
2025-05-18 14:00:00,0.070594095
2025-05-18 15:00:00,0.07941915
2025-05-18 16:00:00,0.07779833
2025-05-18 17:00:00,0.08026219
2025-05-18 18:00:00,0.08166947
2025-05-18 19:00:00,0.08903113
2025-05-18 20:00:00,0.12317665
2025-05-18 21:00:00,0.120070145
2025-05-18 22:00:00,0.12940434
2025-05-18 23:00:00,0.13656527
2025-05-19 00:00:00,0.14292237
2025-05-19 01:00:00,0.14871636
2025-05-19 02:00:00,0.1540395
2025-05-19 03:00:00,0.1587926
2025-05-19 04:00:00,0.16346376
2025-05-19 05:00:00,0.16787381
2025-05-19 06:00:00,0.17251307
2025-05-19 07:00:00,0.17692663
2025-05-19 08:00:00,0.18067582
2025-05-19 09:00:00,0.18369658
2025-05-19 10:00:00,0.18922843
2025-05-19 11:00:00,0.19894597
2025-05-19 12:00:00,0.20769335
2025-05-19 13:00:00,0.21269384
2025-05-19 14:00:00,0.21432452
2025-05-19 15:00:00,0.21558173
2025-05-19 16:00:00,0.21814099
2025-05-19 17:00:00,0.22154719
2025-05-19 18:00:00,0.22532347
2025-05-19 19:00:00,0.23089398
2025-05-19 20:00:00,0.23689109
2025-05-19 21:00:00,0.24177559
2025-05-19 22:00:00,0.24587722
2025-05-19 23:00:00,0.24901755
2025-05-20 00:00:00,0.25097984
2025-05-20 01:00:00,0.25307995
2025-05-20 02:00:00,0.25535247
2025-05-20 03:00:00,0.2580934
2025-05-20 04:00:00,0.26137066
2025-05-20 05:00:00,0.2648549
2025-05-20 06:00:00,0.26847407
2025-05-20 07:00:00,0.27294886
2025-05-20 08:00:00,0.27784535
2025-05-20 09:00:00,0.2830804
2025-05-20 10:00:00,0.28831246
2025-05-20 11:00:00,0.2939277
2025-05-20 12:00:00,0.3000997
2025-05-20 13:00:00,0.30106863
2025-05-20 14:00:00,0.30258554
2025-05-20 15:00:00,0.3047211
2025-05-20 16:00:00,0.30791578
2025-05-20 17:00:00,0.31126446
2025-05-20 18:00:00,0.31539625
2025-05-20 19:00:00,0.32024455
2025-05-20 20:00:00,0.32564583
2025-05-20 21:00:00,0.33113128
2025-05-20 22:00:00,0.33673418
2025-05-20 23:00:00,0.34148195
2025-05-21 00:00:00,0.34520593
2025-05-21 01:00:00,0.3482218
2025-05-21 02:00:00,0.35113904
2025-05-21 03:00:00,0.35386226
2025-05-21 04:00:00,0.35700646
2025-05-21 05:00:00,0.36046964
2025-05-21 06:00:00,0.36412984
2025-05-21 07:00:00,0.36777112
2025-05-21 08:00:00,0.3717598
2025-05-21 09:00:00,0.37671196
2025-05-21 10:00:00,0.38271287
2025-05-21 11:00:00,0.38902557
2025-05-21 12:00:00,0.39450896
2025-05-21 13:00:00,0.3967408
2025-05-21 14:00:00,0.39605534
2025-05-21 15:00:00,0.39623255
2025-05-21 16:00:00,0.39843377
2025-05-21 17:00:00,0.40138754
2025-05-21 18:00:00,0.4052022
2025-05-21 19:00:00,0.40989414
2025-05-21 20:00:00,0.4149962
2025-05-21 21:00:00,0.4199384
2025-05-21 22:00:00,0.424611
2025-05-21 23:00:00,0.42921475
2025-05-22 00:00:00,0.43333772
2025-05-22 01:00:00,0.43650058
2025-05-22 02:00:00,0.43844837
2025-05-22 03:00:00,0.43959576
2025-05-22 04:00:00,0.44025156
2025-05-22 05:00:00,0.44100347
2025-05-22 06:00:00,0.44228175
2025-05-22 07:00:00,0.44450513
2025-05-22 08:00:00,0.4481165
2025-05-22 09:00:00,0.45384774
2025-05-22 10:00:00,0.45965937
2025-05-22 11:00:00,0.46510613
2025-05-22 12:00:00,0.47029263
2025-05-22 13:00:00,0.47476003
2025-05-22 14:00:00,0.4779077
2025-05-22 15:00:00,0.47958535
2025-05-22 16:00:00,0.4801714
2025-05-22 17:00:00,0.48036283
2025-05-22 18:00:00,0.48075542
